Cities ID,0,1,2,
Cities,奥斯丁,啊大哥,个人头,
CoordX,51.000000,789.000000,894.000000,
CoordY,489.000000,564.000000,123.000000,
Icon,0,0,0,
Color,2,3,1,
Path,Start,End,Weight,
0,0,1,589.000000,
0,0,2,899.000000,
0,1,2,781.000000,
